{"schemaVersion":"1.0","appDefinitionTemplate":{"id":"/providers/Microsoft.PowerApps/apps/","type":"Microsoft.PowerApps/apps","tags":{"primaryDeviceWidth":"1366","primaryDeviceHeight":"768","supportsPortrait":"true","supportsLandscape":"true","primaryFormFactor":"Tablet","showStatusBar":"false","publisherVersion":"3.24123.10","minimumRequiredApiVersion":"2.2.0","hasComponent":"false","hasUnlockedComponent":"false","isUnifiedRootApp":"false","sienaVersion":"20250113T181704Z-3.24123.10.0"},"properties":{"appVersion":"2025-01-13T18:17:04Z","lifeCycleId":"Published","createdByClientVersion":{"major":3,"minor":24123,"build":10,"revision":0,"majorRevision":0,"minorRevision":0},"minClientVersion":{"major":3,"minor":24123,"build":10,"revision":0,"majorRevision":0,"minorRevision":0},"backgroundColor":"RGBA(0,176,240,1)","backgroundImageUri":"/1679208432853649116/N152c2e43-7577-4cd5-881e-8b5f2d2a119a-logoSmallFile","displayName":"Managment","description":"","commitMessage":"","appUris":{"documentUri":{"value":"/1679208432853649116/N938e03ee-6641-413e-9bec-2d30da163990-document.msapp"},"imageUris":[],"additionalUris":[{"isSolutionAware":false,"value":"/1679208432853649116/N312c8798-331f-4060-b2cb-f5cf2a6c05fb-identity.json"}]},"createdTime":"0001-01-01T00:00:00Z","lastModifiedTime":"0001-01-01T00:00:00Z","sharedGroupsCount":0,"sharedUsersCount":0,"connectionReferences":{"daf0c40e-0f9f-439e-8772-8f37a834ed66":{"id":"66bee56c-39d4-4af0-905e-680432a6013c","displayName":"SQL Server","runtimePolicyName":"b66a8ef6-4854-41ca-947d-a58c22d66b87","executionRestrictions":{"version":2,"modifiedOn":"2025-01-13 18:17:02","appVer":"3.24123.10","apiId":"/providers/microsoft.powerapps/apis/shared_sql","apiVer":2,"policy":"{\"tabularActions\":{\"[dbo].[employeedetails]\":[\"post\",\"patch\",\"get\"],\"[dbo].[taskdetails]\":[\"get\"],\"[dbo].[tasks]\":[\"post\",\"patch\",\"get\",\"delete\"],\"[dbo].[employees]\":[\"get\",\"post\",\"patch\"],\"[dbo].[departments]\":[\"get\"],\"[dbo].[projects]\":[\"get\",\"delete\"]},\"serviceActions\":[]}"},"iconUri":"https://conn-afd-prod-endpoint-bmc9bqahasf3grgk.b01.azurefd.net/releases/v1.0.1718/1.0.1718.3951/sql/icon.png","dataSources":["EmployeeDetails","EmployeeDetails_1","TaskDetails","Tasks","Employees","Employees_1","Employees_2","Employees_3","Departments","EmployeeDetails_2","Employees_4","Projects","TaskDetails_1","Tasks_1","Projects_1"],"dependencies":[],"dependents":[],"parameterHints":{},"parameterHintsV2":{},"isOnPremiseConnection":false,"sharedConnectionId":"bcd12269-d484-4579-b1c2-4cd121c8a1b6","bypassConsent":false,"dataSets":{"workdb2025.database.windows.net,worforcdb":{"dataSources":{"EmployeeDetails":{"tableName":"[dbo].[EmployeeDetails]"},"EmployeeDetails_1":{"tableName":"[dbo].[EmployeeDetails]"},"TaskDetails":{"tableName":"[dbo].[TaskDetails]"},"Tasks":{"tableName":"[dbo].[Tasks]"},"Employees":{"tableName":"[dbo].[Employees]"},"Employees_1":{"tableName":"[dbo].[Employees]"},"Employees_2":{"tableName":"[dbo].[Employees]"},"Employees_3":{"tableName":"[dbo].[Employees]"},"Departments":{"tableName":"[dbo].[Departments]"},"EmployeeDetails_2":{"tableName":"[dbo].[EmployeeDetails]"},"Employees_4":{"tableName":"[dbo].[Employees]"},"Projects":{"tableName":"[dbo].[Projects]"},"TaskDetails_1":{"tableName":"[dbo].[TaskDetails]"},"Tasks_1":{"tableName":"[dbo].[Tasks]"},"Projects_1":{"tableName":"[dbo].[Projects]"}}}},"apiTier":"Premium","isCustomApiConnection":false,"authenticationType":"sqlAuthentication","actions":["providers/PowerPlatform.Governance/Operations/Read","providers/PowerPlatform.Governance/Operations/Write","providers/PowerPlatform.Governance/Operations/Delete"],"endpoints":["workdb2025.database.windows.net,worforcdb"]}},"databaseReferences":{},"almMode":"Environment","performanceOptimizationEnabled":false,"canConsumeAppPass":false,"enableModernRuntimeMode":false,"executionRestrictions":{"isTeamsOnly":false,"dataLossPreventionEvaluationResult":{"status":"Compliant","lastEvaluationDate":"2025-01-11T01:08:27.5888281Z","violations":[],"violationsByPolicy":[],"violationErrorMessage":"The app uses the following connectors: ."}}},"isAppComponentLibrary":false,"appType":"ClassicCanvasApp","appComponents":[]}}